<?xml version="1.0" encoding="UTF-8"?>
<configuration>
    <conversionRule conversionWord="clr" converterClass="org.springframework.boot.logging.logback.ColorConverter" />
    <conversionRule conversionWord="wex" converterClass="org.springframework.boot.logging.logback.WhitespaceThrowableProxyConverter" />
    <conversionRule conversionWord="wRO" converterClass="org.springframework.boot.logging.logback.ExtendedWhitespaceThrowableProxyConverter" />

    <appender name="FILE" class="ch.qos.logback.core.FileAppender">
        <file>./logs/http-server.log</file>
        <encoder>
            <pattern>%d{yyyy-MM-dd HH:mm:ss.SSS} [%thread] %-5level %logger{36} - %msg%n</pattern>
        </encoder>
    </appender>

    <appender name="CONSOLE" class="ch.qos.logback.core.ConsoleAppender">
        <encoder class="ch.qos.logback.classic.encoder.PatternLayoutEncoder">
            <pattern>%clr(%d{yyyy-MM-dd HH:mm:ss.SSS}){faint} %clr(${LOG_LEVEL_PATTERN:-%5p}) %clr(${PID:- }){magenta} %clr(---){faint} %clr([%15.15t]){faint} %clr(%-40.40logger{39}){cyan} %clr(:){faint} %m%n${LOG_EXCEPTION_CONVERSION_WORD:-%wex}</pattern>
        </encoder>
    </appender>

    <logger name="com.http.server" additivity="false" level="info">
        <appender-ref ref="FILE" />
        <appender-ref ref="CONSOLE"/>
    </logger>

    <root level="warn">
        <appender-ref ref="FILE" />
        <appender-ref ref="CONSOLE"/>
    </root>
</configuration>